,Mutation Name,Mutation Site,Reversed Shortened Mutated Seq,Occurrence Count -1,First identified in:
0,153,1,CCACAACTCCCGAATGGTAGTGGTAGCCAGTGCTGGAG P,2,p53-16_R1.fastq_input.txt
1,154,-1,CCACAACTCCCGAATGGTAGTGGTAGCCAGTGCTGGAG P,0,p53-16_R1.fastq_input.txt
2,155,-1,CCACCCCCGTCGCAGAGTGCTGGAG P,9,p53-16_R1.fastq_input.txt
3,156,1,CCACCCCCGTCGCAGAGTGCTGGAG P,7,p53-16_R1.fastq_input.txt
4,157,-1,CCACAACTCCCGAATGGTAGTGGTAGCCTACCCCCGTCGCAGAGTGCTGGAG P,0,p53-16_R1.fastq_input.txt
5,158,1,CCACAACTCCCGAATGGTAGTGGTAGCCTACCCCCGTCGCAGAGTGCTGGAG P,0,p53-16_R1.fastq_input.txt
6,159,1,CCACAACTCCCGAATGGTAGTGGTAGCCTACCCCCGTCGCAGAGTGCTTGAG P,0,p53-16_R1.fastq_input.txt
