,Mutation Name,Mutation Site,Reversed Shortened Mutated Seq,Occurrence Count -1,First identified in:
0,190,1,CCACCCCCGTCGCAGAGTGCTGGAG P,47,p53-22_R1.fastq_input.txt
1,191,-1,CCACCCCCGTCGCAGAGTGCTGGAG P,46,p53-22_R1.fastq_input.txt
2,192,1,CCACCCCCGTCGCAGAGCGCTGGAG P,0,p53-22_R1.fastq_input.txt
3,193,1,CCACCCCCGTCGCAGAGTGCCGGAG P,0,p53-22_R1.fastq_input.txt
4,194,-1,CCACCCCCGTCGCAGAGTGCTCGAG P,0,p53-22_R1.fastq_input.txt
5,195,-1,CCACCACCGTCGCAGAGTGCTGGAG P,0,p53-22_R1.fastq_input.txt
6,196,-1,CCACCCCCGTCGCAGAGTGCCGGAG P,0,p53-22_R1.fastq_input.txt
