,Mutation Name,Mutation Site,Reversed Shortened Mutated Seq,Occurrence Count -1,First identified in:
0,2.0,1.0,GGGGCTACGTTATTTATACGTGTTTAGTAATGTGGTCAGGCAG P,28,PTEN2-1_R1.fastq_input.txt
1,1.0,-6.0,GGGGCTATTATTTATACGTGTTTAGTAATGTGGTCAGGCAG P,1,PTEN2-1_R1.fastq_input.txt
2,4.0,-6.0,GGGGCTAACGTTATTTATACGTGTTTAGTAATGTGGTCAGGCAG P,12,PTEN2-1_R1.fastq_input.txt
3,55,1.0,GGGGCTACACGTTATTTATACGTGTTTAGTAATGTGGTCAGGCAG P,3,PTEN2-12_R1.fastq_input.txt
4,56,-6.0,GGGGCTAAGTTATTTATAAGTGTTTAGTAATGTGGTCAGGCAG P,0,PTEN2-12_R1.fastq_input.txt
5,57,-7.0,GGGGCTACACGTTATTTATACGTGTTTAGTAATGTGGTCAGGCAG P,2,PTEN2-12_R1.fastq_input.txt
6,5.0,1.0,GGGGCTATTATTTATACGTGTTTAGTAATGTGGTCAGGCAG P,5,PTEN2-1_R1.fastq_input.txt
7,3.0,1.0,GGGGCTAACGTTATTTATACGTGTTTAGTAATGTGGTCAGGCAG P,8,PTEN2-1_R1.fastq_input.txt
8,58,-6.0,GGGGCTAAGTTATTTATACGTGTTTAGTAATGTGGTCAGGCAG P,0,PTEN2-12_R1.fastq_input.txt
9,59,-6.0,GGGGCTAACGTTATTTATACGTGTTTAGTAATGTGGTCAGACAG P,0,PTEN2-12_R1.fastq_input.txt
10,60,1.0,GGGGCTACGTTATTTATACGTGTTTAGTAATGTGGTTAGGCAG P,0,PTEN2-12_R1.fastq_input.txt
11,61,1.0,GGGGCTAACGTTATTTATACGTGTTTAGTAATGTGGTCAGGCCG P,0,PTEN2-12_R1.fastq_input.txt
