,Mutation Name,Mutation Site,Reversed Shortened Mutated Seq,Occurrence Count -1,First identified in:
0,2.0,1.0,GGGGCTACGTTATTTATACGTGTTTAGTAATGTGGTCAGGCAG P,44,PTEN2-1_R1.fastq_input.txt
1,16,1.0,GGGGCCACGTTATTTATACGTGTTTAGTAATGTGGTCAGGCAG P,0,PTEN2-5_R1.fastq_input.txt
2,17,1.0,GGGGCTACGTTATTTATACGTGTTTAGCAATGTGGTCAGGCAG P,0,PTEN2-5_R1.fastq_input.txt
3,18,1.0,GGGGCTACGTTATTTATACGCGTTTAGTCATGTGGTCCGGCAG P,0,PTEN2-5_R1.fastq_input.txt
4,19,1.0,GGGGCTACGTTATTTATACGTGTTTAGTAACGTGGTCAGGCAG P,0,PTEN2-5_R1.fastq_input.txt
5,20,1.0,GGGGCTACGTTATTTATACGTGTTTAGTAATGCGGTCACGCAG P,0,PTEN2-5_R1.fastq_input.txt
