,Mutation Name,Mutation Site,Reversed Shortened Mutated Seq,Occurrence Count -1,First identified in:
0,2.0,1.0,GGGGCTACGTTATTTATACGTGTTTAGTAATGTGGTCAGGCAG P,44,PTEN2-1_R1.fastq_input.txt
1,130,1.0,GGGGCTACGTTATATATACGTGTTTAGTAATGTGGTCAGGCAG P,0,PTEN2-22_R1.fastq_input.txt
2,131,1.0,GGGGCTACGTTATTTATAAGTGTTTAGTAATGTGGTCAGGCAG P,0,PTEN2-22_R1.fastq_input.txt
3,132,-12.0,GGGGCTACGTTATCTATACGTGTTTAGTAATGTGGTCAGGTAG P,0,PTEN2-22_R1.fastq_input.txt
4,133,1.0,GGGGCTACGTTATTTATACGGGTTTAGTAATGTGGTCAGGCAG P,0,PTEN2-22_R1.fastq_input.txt
5,134,1.0,GGGGCTACGTTATTTCTACGTGTTTAGTAATGTGGTCAGGCAG P,0,PTEN2-22_R1.fastq_input.txt
6,17.0,1.0,GGGGCTACGTTATTTATACGTGTTTAGCAATGTGGTCAGGCAG P,0,PTEN2-5_R1.fastq_input.txt
7,135,-6.0,GGGGCTATGTTATTTATACGTGTTTAGTAAGGTGGTCAGGCAG P,0,PTEN2-22_R1.fastq_input.txt
