,Mutation Name,Mutation Site,Reversed Shortened Mutated Seq,Occurrence Count -1,First identified in:
0,3.0,1.0,GGGGCTAACGTTATTTATACGTGTTTAGTAATGTGGTCAGGCAG P,13,PTEN2-1_R1.fastq_input.txt
1,4.0,-6.0,GGGGCTAACGTTATTTATACGTGTTTAGTAATGTGGTCAGGCAG P,16,PTEN2-1_R1.fastq_input.txt
2,2.0,1.0,GGGGCTACGTTATTTATACGTGTTTAGTAATGTGGTCAGGCAG P,32,PTEN2-1_R1.fastq_input.txt
3,62,1.0,GGGGCTACGTTATTTATACGTGTTTAATAACGTGGTCAGGCAG P,0,PTEN2-13_R1.fastq_input.txt
4,63,1.0,GGGGCTAACGTTATTTATACGTGTTTAGTAACGAGGTCAGGCAG P,0,PTEN2-13_R1.fastq_input.txt
5,64,-1.0,TAAACGGTGCTACGTTATTTATACGTGTTTAGTAAAGTGTTCAGGCAG 5,0,PTEN2-13_R1.fastq_input.txt
6,65,1.0,GGGGCTTACGTTATTTATACGTGTTTAGTAATGTGGTCAGGCAG P,0,PTEN2-13_R1.fastq_input.txt
