,Mutation Name,Mutation Site,Reversed Shortened Mutated Seq,Occurrence Count -1,First identified in:
0,153.0,-16.0,GGGGCTACGTTATTTATTCGTGTTTAGTAATGTGGTCAGGCAG P,0,PTEN2-25_R1.fastq_input.txt
1,2.0,1.0,GGGGCTACGTTATTTATACGTGTTTAGTAATGTGGTCAGGCAG P,46,PTEN2-1_R1.fastq_input.txt
2,154.0,1.0,GGGGCTACGTTATTTATACGTGTTTAGTAATTTGGTCAGGCAG P,0,PTEN2-25_R1.fastq_input.txt
3,155.0,1.0,GGGGCTACGTTATCTATACGCGTTTAGTAATGTGGTCAGGCAG P,0,PTEN2-25_R1.fastq_input.txt
4,60.0,1.0,GGGGCTACGTTATTTATACGTGTTTAGTAATGTGGTTAGGCAG P,0,PTEN2-12_R1.fastq_input.txt
