,Mutation Name,Mutation Site,Reversed Shortened Mutated Seq,Occurrence Count -1,First identified in:
0,2.0,1.0,GGGGCTACGTTATTTATACGTGTTTAGTAATGTGGTCAGGCAG P,19,PTEN2-1_R1.fastq_input.txt
1,3.0,1.0,GGGGCTAACGTTATTTATACGTGTTTAGTAATGTGGTCAGGCAG P,28,PTEN2-1_R1.fastq_input.txt
2,4.0,-6.0,GGGGCTAACGTTATTTATACGTGTTTAGTAATGTGGTCAGGCAG P,17,PTEN2-1_R1.fastq_input.txt
3,32,-6.0,GGGGCTAACGTTATTTATACGTGTTTAGTCATGTGGTCAGGCAG P,0,PTEN2-7_R1.fastq_input.txt
4,33,-6.0,GGGGCTAACGTTATTTATACGTGTTTAGTAATGTGGTAAGGCAG P,0,PTEN2-7_R1.fastq_input.txt
5,34,1.0,GGGGCTCACGTTATGTATACGTGTTTAGTAATGGGGTCAGGCAG P,0,PTEN2-7_R1.fastq_input.txt
6,35,-2.0,GGGAAATTTTTAAACGGGGCTAACGTTATTTATACGTGTTTAGTAATGTGGTCAGGCAG P,0,PTEN2-7_R1.fastq_input.txt
7,36,-6.0,GGGGCTAATTTATACGTGTTTAGTAATGTGGTCAGGCAG P,0,PTEN2-7_R1.fastq_input.txt
