,Mutation Name,Mutation Site,Reversed Shortened Mutated Seq,Occurrence Count -1,First identified in:
0,4.0,-6.0,GGGGCTAACGTTATTTATACGTGTTTAGTAATGTGGTCAGGCAG P,33,PTEN2-1_R1.fastq_input.txt
1,2.0,1.0,GGGGCTACGTTATTTATACGTGTTTAGTAATGTGGTCAGGCAG P,6,PTEN2-1_R1.fastq_input.txt
2,3.0,1.0,GGGGCTAACGTTATTTATACGTGTTTAGTAATGTGGTCAGGCAG P,41,PTEN2-1_R1.fastq_input.txt
3,50,1.0,TAAACGTGGCTAACGTTATTTATACGTGTTTAGTAATGTGGTCAGGCAG 5,0,PTEN2-10_R1.fastq_input.txt
4,51,-6.0,GGGGCTAACGTTATTTATACGTGTTTAGTAAGGTGGTCAGGCAG P,0,PTEN2-10_R1.fastq_input.txt
