,Mutation Name,Mutation Site,Reversed Shortened Mutated Seq,Occurrence Count -1,First identified in:
0,1,-6,GGGGCTATTATTTATACGTGTTTAGTAATGTGGTCAGGCAG P,8,PTEN2-1_R1.fastq_input.txt
1,2,1,GGGGCTACGTTATTTATACGTGTTTAGTAATGTGGTCAGGCAG P,26,PTEN2-1_R1.fastq_input.txt
2,3,1,GGGGCTAACGTTATTTATACGTGTTTAGTAATGTGGTCAGGCAG P,7,PTEN2-1_R1.fastq_input.txt
3,4,-6,GGGGCTAACGTTATTTATACGTGTTTAGTAATGTGGTCAGGCAG P,6,PTEN2-1_R1.fastq_input.txt
4,5,1,GGGGCTATTATTTATACGTGTTTAGTAATGTGGTCAGGCAG P,14,PTEN2-1_R1.fastq_input.txt
5,6,-3,GGGGATACGTTCTTTATACGAGTTCCGTAATGTGGTCAGGCAG P,0,PTEN2-1_R1.fastq_input.txt
6,7,-19,GGGGCTACGTTATTTATACGGGTTTAGTAATGTGGTCAGGCAG P,0,PTEN2-1_R1.fastq_input.txt
