,Mutation Name,Mutation Site,Reversed Shortened Mutated Seq,Occurrence Count -1,First identified in:
0,37,1.0,GGGGCTAACGTTATTTATACGCGTTTAGTCATGTGGTCAGGCAG P,0,PTEN2-8_R1.fastq_input.txt
1,2.0,1.0,GGGGCTACGTTATTTATACGTGTTTAGTAATGTGGTCAGGCAG P,22,PTEN2-1_R1.fastq_input.txt
2,38,1.0,GGGAATTTTTAAACGGGGCTACGTTATTTATACGTGTTTAGTAATGTGGTCAGGCAG P,0,PTEN2-8_R1.fastq_input.txt
3,3.0,1.0,GGGGCTAACGTTATTTATACGTGTTTAGTAATGTGGTCAGGCAG P,20,PTEN2-1_R1.fastq_input.txt
4,4.0,-6.0,GGGGCTAACGTTATTTATACGTGTTTAGTAATGTGGTCAGGCAG P,15,PTEN2-1_R1.fastq_input.txt
5,39,1.0,GGGGCTAATTTATACGTGTTTAGTAATGTGGTCAGGCAG P,0,PTEN2-8_R1.fastq_input.txt
6,40,-19.0,GGGGCTACGTTATTTATACGCGTTTAGTAATGTGGTCAGGCAG P,0,PTEN2-8_R1.fastq_input.txt
7,41,1.0,GGGGCTTACGGTATTTATACGTGTTTAGGAAAGGGGGCAGGCAG P,0,PTEN2-8_R1.fastq_input.txt
8,19.0,1.0,GGGGCTACGTTATTTATACGTGTTTAGTAACGTGGTCAGGCAG P,0,PTEN2-5_R1.fastq_input.txt
9,42,1.0,GGGGCTGCGTTATTTATACGTGTTTAGTAATGTGGTCAGGCAG P,0,PTEN2-8_R1.fastq_input.txt
